Sound of H , Curriculum: ALL , Subject: Phonics , Semester: 1 , Grade: 1 , Language: English , 
Sound of U | Curriculum: ALL | Subject: Phonics | Semester: 1 | Grade: 1 | Language: English | ,,,,,,
Comparison Of Numbers | Curriculum: KA.S.B | Subject: Mathematics | Semester: 2 | Grade: 1 | Language: Kannada | ,,,,,,
Clouds | Curriculum: N.E | Subject: English | Semester: 2 | Grade: 1 | Language: English | ,,,,,,
Sound of P | Curriculum: ALL | Subject: Phonics | Semester: 1 | Grade: 1 | Language: English | ,,,,,,
Numbers Till Nine | Curriculum: KA.S.B | Subject: Mathematics | Semester: 1 | Grade: 1 | Language: English | ,,,,,,
Sound of B | Curriculum: ALL | Subject: Phonics | Semester: 1 | Grade: 1 | Language: English | ,,,,,,
Family | Curriculum: KA.S.B | Subject: Environmental Science | Semester: 1 | Grade: 1 | Language: Kannada | ,,,,,,
Time | Curriculum: KA.S.B | Subject: Mathematics | Semester: 2 | Grade: 1 | Language: Kannada | ,,,,,,
Food | Curriculum: KA.S.B | Subject: Environmental Science | Semester: 1 | Grade: 1 | Language: Kannada | ,,,,,,
When  | Curriculum: S.C.E.R.T | Subject: Mathematics | Semester: 1 | Grade: 1 | Language: English | ,,,,,,
Addition using tally marks | Curriculum: KA.S.B | Subject: Mathematics | Semester: 1 | Grade: 1 | Language: English | ,,,,,,
Intro Subtraction Nine | Curriculum: KA.S.B | Subject: Mathematics | Semester: 1 | Grade: 1 | Language: Kannada | ,,,,,,
Numbers One Nine | Curriculum: KA.S.B | Subject: Mathematics | Semester: 1 | Grade: 1 | Language: Kannada | ,,,,,,
Blends BL and BR | Curriculum: ALL | Subject: Phonics | Semester: 2 | Grade: 1 | Language: English | ,,,,,,
Sound of K | Curriculum: ALL | Subject: Phonics | Semester: 1 | Grade: 1 | Language: English | ,,,,,,
Subtraction of numbers 6-9 | Curriculum: KA.S.B | Subject: Mathematics | Semester: 1 | Grade: 1 | Language: English | ,,,,,,
Subtraction of Numbers 1-5 | Curriculum: KA.S.B | Subject: Mathematics | Semester: 1 | Grade: 1 | Language: English | ,,,,,,
Sound of H | Curriculum: ALL | Subject: Phonics | Semester: 1 | Grade: 1 | Language: English | ,,,,,,
Sound of U | Curriculum: ALL | Subject: Phonics | Semester: 1 | Grade: 1 | Language: English | ,,,,,,
Comparison Of Numbers | Curriculum: KA.S.B | Subject: Mathematics | Semester: 2 | Grade: 1 | Language: Kannada | ,,,,,,
Sound of H | Curriculum: ALL | Subject: Phonics | Semester: 1 | Grade: 1 | Language: English | ,,,,,,
Sound of U | Curriculum: ALL | Subject: Phonics | Semester: 1 | Grade: 1 | Language: English | ,,,,,,
Comparison Of Numbers | Curriculum: KA.S.B | Subject: Mathematics | Semester: 2 | Grade: 1 | Language: Kannada | ,,,,,,
Sound of H | Curriculum: ALL | Subject: Phonics | Semester: 1 | Grade: 1 | Language: English | ,,,,,,
Sound of H | Curriculum: ALL | Subject: Phonics | Semester: 1 | Grade: 1 | Language: English | ,,,,,,
Sound of H | Curriculum: ALL | Subject: Phonics | Semester: 1 | Grade: 1 | Language: English | ,,,,,,
Sound of H | Curriculum: ALL | Subject: Phonics | Semester: 1 | Grade: 1 | Language: English | ,,,,,,
Sound of H | Curriculum: ALL | Subject: Phonics | Semester: 1 | Grade: 1 | Language: English | ,,,,,,
Sound of H | Curriculum: ALL | Subject: Phonics | Semester: 1 | Grade: 1 | Language: English | ,,,,,,
Sound of H | Curriculum: ALL | Subject: Phonics | Semester: 1 | Grade: 1 | Language: English | ,,,,,,
Sound of H | Curriculum: ALL | Subject: Phonics | Semester: 1 | Grade: 1 | Language: English | ,,,,,,
Sound of H | Curriculum: ALL | Subject: Phonics | Semester: 1 | Grade: 1 | Language: English | ,,,,,,
Sound of H | Curriculum: ALL | Subject: Phonics | Semester: 1 | Grade: 1 | Language: English | ,,,,,,
