url,Slide
https://app.ontum.co/content/d0358ef392,28
https://app.ontum.co/content/e7fcd71801,39
https://app.ontum.co/content/9cbb2f6054,39
https://app.ontum.co/content/d0358ef392,39
https://app.ontum.co/content/88d445ea26,15
https://app.ontum.co/content/4fd7e1e0a2,15
https://app.ontum.co/content/eec220d42a,21
https://app.ontum.co/content/eec220d42a,38
https://app.ontum.co/content/168f30e26c,14
https://app.ontum.co/content/7d60e75c0c,14
https://app.ontum.co/content/168f30e26c,20
https://app.ontum.co/content/7d60e75c0c,20
https://app.ontum.co/content/168f30e26c,23
https://app.ontum.co/content/7d60e75c0c,23
https://app.ontum.co/content/e9f5b59634,21
https://app.ontum.co/content/e9f5b59634,26
https://app.ontum.co/content/e9f5b59634,47
https://app.ontum.co/content/7cdde54584,21
https://app.ontum.co/content/7cdde54584,26
https://app.ontum.co/content/f0516b461d,15
https://app.ontum.co/content/2490c9bf21,15
https://app.ontum.co/content/b03fdea5e0,15
https://app.ontum.co/content/5a51da5af7,21
https://app.ontum.co/content/5a51da5af7,26
https://app.ontum.co/content/5a51da5af7,47
https://app.ontum.co/content/8dd2383c2a,25
https://app.ontum.co/content/04316bacbe,25
https://app.ontum.co/content/772464b4d8,23
https://app.ontum.co/content/6a5314c5b5,23
https://app.ontum.co/content/4bff85f74d,23
https://app.ontum.co/content/172b35844e,23
https://app.ontum.co/content/e72f48aba8,22
https://app.ontum.co/content/dc922ae6da,14
https://app.ontum.co/content/dc922ae6da,22
https://app.ontum.co/content/4583380da1,6
https://app.ontum.co/content/0b3281749c,6
https://app.ontum.co/content/0408e9d019,7
https://app.ontum.co/content/0408e9d019,56
https://app.ontum.co/content/096d1a7e61,6
https://app.ontum.co/content/38daaccc15,14
https://app.ontum.co/content/38daaccc15,22
https://app.ontum.co/content/b027229e33,22
https://app.ontum.co/content/64bfb1a8b6,7
https://app.ontum.co/content/64bfb1a8b6,55
https://app.ontum.co/content/5dbdb74407,20
https://app.ontum.co/content/a840485ecf,8
https://app.ontum.co/content/a840485ecf,40
https://app.ontum.co/content/5b7d434031,14
https://app.ontum.co/content/ed0ab62669,6
https://app.ontum.co/content/96a1f7056d,22
https://app.ontum.co/content/96a1f7056d,27
https://app.ontum.co/content/96a1f7056d,35
https://app.ontum.co/content/b6bd293c8c,7
https://app.ontum.co/content/47311bc996,8
https://app.ontum.co/content/1ed437b254,16
https://app.ontum.co/content/1ed437b254,28
https://app.ontum.co/content/d0fa644a4d,20
https://app.ontum.co/content/3f5a5c19bb,7
https://app.ontum.co/content/dfa7384912,22
https://app.ontum.co/content/dfa7384912,27
https://app.ontum.co/content/dfa7384912,35
https://app.ontum.co/content/429b371201,14
https://app.ontum.co/content/fac03649a3,6
https://app.ontum.co/content/7f7ce8179f,8
https://app.ontum.co/content/7f7ce8179f,40
https://app.ontum.co/content/3f3fe585a1,16
https://app.ontum.co/content/3f3fe585a1,28
https://app.ontum.co/content/fbd6c00559,8
https://app.ontum.co/content/b4fc4dd274,22
https://app.ontum.co/content/dd96f03347,30
https://app.ontum.co/content/006fa9351e,15
https://app.ontum.co/content/c5b4c6c3ca,6
https://app.ontum.co/content/c5b4c6c3ca,20
https://app.ontum.co/content/74b4333ff7,32
https://app.ontum.co/content/d7cfbc1e87,6
https://app.ontum.co/content/d7cfbc1e87,20
https://app.ontum.co/content/3d7374bb54,22
https://app.ontum.co/content/ffb14bfe2a,30
https://app.ontum.co/content/a5f8411a49,15
https://app.ontum.co/content/f8602e3d4c,32
https://app.ontum.co/content/4e288e240c,11
https://app.ontum.co/content/36ae4c6ef0,11
https://app.ontum.co/content/ba58fca96e,8
https://app.ontum.co/content/5da4ea6dd9,8
https://app.ontum.co/content/e7d739be86,7
https://app.ontum.co/content/6dcb6437e5,23
https://app.ontum.co/content/07cb2555f7,29
https://app.ontum.co/content/82d874464f,58
https://app.ontum.co/content/3c2980afd7,29
https://app.ontum.co/content/edc2247673,58
https://app.ontum.co/content/4dd0ce8034,20
https://app.ontum.co/content/fdf269613e,32
https://app.ontum.co/content/a820c0a561,30
https://app.ontum.co/content/61524ea8b4,20
https://app.ontum.co/content/c8793c7105,32
https://app.ontum.co/content/75567d87eb,30
https://app.ontum.co/content/0882fd5e62,15
https://app.ontum.co/content/53e6b363f0,15
https://app.ontum.co/content/89d3fdf0fc,14
https://app.ontum.co/content/7bd19e073f,43
https://app.ontum.co/content/ba298f0ef7,14
https://app.ontum.co/content/ecb24bf623,43
https://app.ontum.co/content/1c5419d98f,15
https://app.ontum.co/content/211e38ed3c,34
https://app.ontum.co/content/211e38ed3c,39
https://app.ontum.co/content/39af70b4ad,20
https://app.ontum.co/content/39af70b4ad,23
https://app.ontum.co/content/39af70b4ad,37
https://app.ontum.co/content/1685c03e7e,20
https://app.ontum.co/content/1685c03e7e,23
https://app.ontum.co/content/1685c03e7e,37
https://app.ontum.co/content/67b6c974af,34
https://app.ontum.co/content/67b6c974af,39
https://app.ontum.co/content/bc5aabc2b0,15
https://app.ontum.co/content/6acb1f0406,34
https://app.ontum.co/content/6acb1f0406,39
https://app.ontum.co/content/ae4a6bd916,31
https://app.ontum.co/content/37aad9b63e,31
https://app.ontum.co/content/3659b6972e,31
https://app.ontum.co/content/6e76107752,7
https://app.ontum.co/content/6e76107752,33
https://app.ontum.co/content/6e76107752,43
https://app.ontum.co/content/3cdc502c98,7
https://app.ontum.co/content/3cdc502c98,33
https://app.ontum.co/content/3cdc502c98,43
https://app.ontum.co/content/5ebcc34340,6
https://app.ontum.co/content/a1be636371,6
https://app.ontum.co/content/fab257de33,25
https://app.ontum.co/content/690ea22b67,25
https://app.ontum.co/content/bba4ecfd3d,8
https://app.ontum.co/content/bba4ecfd3d,38
https://app.ontum.co/content/9a6588cbaa,36
https://app.ontum.co/content/9a6588cbaa,56
https://app.ontum.co/content/738797bc11,35
https://app.ontum.co/content/738797bc11,55
https://app.ontum.co/content/49376c7544,7
https://app.ontum.co/content/49376c7544,23
https://app.ontum.co/content/49376c7544,30
https://app.ontum.co/content/49376c7544,45
https://app.ontum.co/content/df086a8c47,28
https://app.ontum.co/content/df086a8c47,30
https://app.ontum.co/content/1732a8ab66,28
https://app.ontum.co/content/1732a8ab66,30
https://app.ontum.co/content/640d8511fc,34
https://app.ontum.co/content/640d8511fc,46
https://app.ontum.co/content/72da4e98e4,34
https://app.ontum.co/content/72da4e98e4,46
https://app.ontum.co/content/e34f8a0508,41
https://app.ontum.co/content/e29c81ff67,36
https://app.ontum.co/content/7fccc61a7d,36
https://app.ontum.co/content/795323f6c9,23
https://app.ontum.co/content/795323f6c9,27
https://app.ontum.co/content/fad2755baa,6
https://app.ontum.co/content/fad2755baa,10
https://app.ontum.co/content/fad2755baa,26
https://app.ontum.co/content/540a1a6883,36
https://app.ontum.co/content/6e200675c2,23
https://app.ontum.co/content/6e200675c2,27
https://app.ontum.co/content/53a09ac8ce,34
https://app.ontum.co/content/53a09ac8ce,46
https://app.ontum.co/content/d70b183374,28
https://app.ontum.co/content/f9f47ecd41,28
https://app.ontum.co/content/d70b183374,30
https://app.ontum.co/content/f9f47ecd41,30
https://app.ontum.co/content/844eb5f8ee,25
https://app.ontum.co/content/e605204625,36
https://app.ontum.co/content/e605204625,56
https://app.ontum.co/content/7e45e91d79,7
https://app.ontum.co/content/7e45e91d79,23
https://app.ontum.co/content/7e45e91d79,30
https://app.ontum.co/content/7e45e91d79,45
https://app.ontum.co/content/8085b32a2e,41
https://app.ontum.co/content/9e04a98c8d,6
https://app.ontum.co/content/1c59149372,7
https://app.ontum.co/content/1c59149372,33
https://app.ontum.co/content/1c59149372,43
https://app.ontum.co/content/5a49224434,8
https://app.ontum.co/content/5a49224434,23
https://app.ontum.co/content/5a49224434,30
https://app.ontum.co/content/5a49224434,45
https://app.ontum.co/content/81b72b056a,12
https://app.ontum.co/content/81b72b056a,22
https://app.ontum.co/content/81b72b056a,39
https://app.ontum.co/content/d39ff7f3c3,12
https://app.ontum.co/content/d39ff7f3c3,22
https://app.ontum.co/content/d39ff7f3c3,39
https://app.ontum.co/content/186cede535,10
https://app.ontum.co/content/186cede535,32
https://app.ontum.co/content/d3dcf108b0,9
https://app.ontum.co/content/d3dcf108b0,17
https://app.ontum.co/content/d3dcf108b0,27
https://app.ontum.co/content/82ffb5dbf7,28
https://app.ontum.co/content/82ffb5dbf7,44
https://app.ontum.co/content/f3a91e9b4d,28
https://app.ontum.co/content/f3a91e9b4d,44
https://app.ontum.co/content/5f8e5aa090,28
https://app.ontum.co/content/5f8e5aa090,44
https://app.ontum.co/content/3c5314101b,16
https://app.ontum.co/content/3c5314101b,22
https://app.ontum.co/content/3c5314101b,39
https://app.ontum.co/content/e858fc03cf,15
https://app.ontum.co/content/e858fc03cf,37
https://app.ontum.co/content/e858fc03cf,44
https://app.ontum.co/content/846cf579e4,15
https://app.ontum.co/content/846cf579e4,37
https://app.ontum.co/content/846cf579e4,44
https://app.ontum.co/content/e31636548a,32
https://app.ontum.co/content/450d5202dd,32
https://app.ontum.co/content/514639d2d5,16
https://app.ontum.co/content/6605469f58,27
https://app.ontum.co/content/06d4f2d7f3,32
https://app.ontum.co/content/c9737f201b,10
https://app.ontum.co/content/bc78d79a6c,10
https://app.ontum.co/content/c9737f201b,31
https://app.ontum.co/content/bc78d79a6c,31
https://app.ontum.co/content/db1552d0af,15
https://app.ontum.co/content/db1552d0af,37
https://app.ontum.co/content/db1552d0af,44
https://app.ontum.co/content/9e17d43665,16
https://app.ontum.co/content/de10e70f8b,30
https://app.ontum.co/content/b481a8c119,28
https://app.ontum.co/content/2d9b23ae22,28
https://app.ontum.co/content/b481a8c119,44
https://app.ontum.co/content/2d9b23ae22,44
https://app.ontum.co/content/185a8aa8d0,9
https://app.ontum.co/content/185a8aa8d0,17
https://app.ontum.co/content/185a8aa8d0,27
https://app.ontum.co/content/185a8aa8d0,34
https://app.ontum.co/content/b63e365d5a,16
https://app.ontum.co/content/b63e365d5a,22
https://app.ontum.co/content/b63e365d5a,39
https://app.ontum.co/content/fb32968fa2,12
https://app.ontum.co/content/fb32968fa2,22
https://app.ontum.co/content/fb32968fa2,39
https://app.ontum.co/content/976e3ea953,9
https://app.ontum.co/content/976e3ea953,17
https://app.ontum.co/content/976e3ea953,27
https://app.ontum.co/content/7d64f6879f,15
https://app.ontum.co/content/3d8a6b3f58,15
https://app.ontum.co/content/af1ac7000c,15
https://app.ontum.co/content/9272059043,6
https://app.ontum.co/content/9272059043,35
https://app.ontum.co/content/d244a074d1,6
https://app.ontum.co/content/d244a074d1,35
https://app.ontum.co/content/24aa645cb2,36
https://app.ontum.co/content/24aa645cb2,42
https://app.ontum.co/content/576a75ad0f,36
https://app.ontum.co/content/576a75ad0f,42
https://app.ontum.co/content/01d6bba97b,29
https://app.ontum.co/content/01d6bba97b,38
https://app.ontum.co/content/ad577e0868,29
https://app.ontum.co/content/ad577e0868,38
https://app.ontum.co/content/66995ef1ad,50
https://app.ontum.co/content/66feea1d56,43
https://app.ontum.co/content/18eb72af08,11
https://app.ontum.co/content/45cffe7981,31
https://app.ontum.co/content/45cffe7981,37
https://app.ontum.co/content/bb37075ca3,31
https://app.ontum.co/content/bb37075ca3,37
https://app.ontum.co/content/b6a0791ab1,31
https://app.ontum.co/content/b6a0791ab1,37
https://app.ontum.co/content/b4b30dc7f0,31
https://app.ontum.co/content/b4b30dc7f0,37
https://app.ontum.co/content/d1cd0eb2dc,34
https://app.ontum.co/content/d1cd0eb2dc,40
https://app.ontum.co/content/7de4af1e36,34
https://app.ontum.co/content/7de4af1e36,40
https://app.ontum.co/content/2b67b7f2f8,18
https://app.ontum.co/content/2b67b7f2f8,25
https://app.ontum.co/content/1bb5086c8b,18
https://app.ontum.co/content/1bb5086c8b,25
https://app.ontum.co/content/7cc93b8766,51
https://app.ontum.co/content/e41787a138,51
https://app.ontum.co/content/4dea1a3b57,12
https://app.ontum.co/content/6f582b9804,28
https://app.ontum.co/content/715fce13e1,8
https://app.ontum.co/content/715fce13e1,13
https://app.ontum.co/content/715fce13e1,30
https://app.ontum.co/content/a91b717038,51
https://app.ontum.co/content/1172e367bd,15
https://app.ontum.co/content/ae50f199ef,36
https://app.ontum.co/content/2f988f70b5,36
https://app.ontum.co/content/ae50f199ef,42
https://app.ontum.co/content/2f988f70b5,42
https://app.ontum.co/content/31a768d70b,18
https://app.ontum.co/content/31a768d70b,25
https://app.ontum.co/content/b76732a2c5,12
https://app.ontum.co/content/16ebc70133,34
https://app.ontum.co/content/16ebc70133,40
https://app.ontum.co/content/b38087bd2a,8
https://app.ontum.co/content/b38087bd2a,30
https://app.ontum.co/content/d9a20756a9,31
https://app.ontum.co/content/cf3602cfad,31
https://app.ontum.co/content/d9a20756a9,37
https://app.ontum.co/content/cf3602cfad,37
https://app.ontum.co/content/3212f534a4,29
https://app.ontum.co/content/3212f534a4,38
https://app.ontum.co/content/0b0985c051,50
https://app.ontum.co/content/50b0fb0d59,11
https://app.ontum.co/content/8e7b72f586,28
https://app.ontum.co/content/2396ddd0ef,6
https://app.ontum.co/content/2396ddd0ef,35
https://app.ontum.co/content/575afd52b4,11
https://app.ontum.co/content/c06adfb12d,8
https://app.ontum.co/content/7ffd223b3d,8
https://app.ontum.co/content/a1c49e4fe9,20
https://app.ontum.co/content/d5a0845757,20
https://app.ontum.co/content/8ed5b3a309,29
https://app.ontum.co/content/7dc978b4b9,29
https://app.ontum.co/content/dc4ccfe840,25
https://app.ontum.co/content/dc4ccfe840,31
https://app.ontum.co/content/292b16850d,25
https://app.ontum.co/content/292b16850d,31
https://app.ontum.co/content/de17b1cdf8,25
https://app.ontum.co/content/de17b1cdf8,31
https://app.ontum.co/content/f59e7b21fd,17
https://app.ontum.co/content/2e85fdbe1a,25
https://app.ontum.co/content/2e85fdbe1a,31
https://app.ontum.co/content/f9a70ee653,29
https://app.ontum.co/content/036df304ff,20
https://app.ontum.co/content/38815ff062,20
https://app.ontum.co/content/3f39096e25,8
https://app.ontum.co/content/1baf5b249c,17
https://app.ontum.co/content/386e599212,29
https://app.ontum.co/content/123aa1c7d6,29
https://app.ontum.co/content/db0a6bb54b,10
https://app.ontum.co/content/db0a6bb54b,18
https://app.ontum.co/content/db0a6bb54b,30
https://app.ontum.co/content/31796d0236,10
https://app.ontum.co/content/31796d0236,18
https://app.ontum.co/content/31796d0236,30
https://app.ontum.co/content/86c94b3796,14
https://app.ontum.co/content/86c94b3796,38
https://app.ontum.co/content/a0c8e1c9f9,14
https://app.ontum.co/content/a0c8e1c9f9,38
https://app.ontum.co/content/0ef3a22f4f,14
https://app.ontum.co/content/ca22041916,14
https://app.ontum.co/content/0ef3a22f4f,38
https://app.ontum.co/content/ca22041916,38
https://app.ontum.co/content/060f69caab,10
https://app.ontum.co/content/060f69caab,18
https://app.ontum.co/content/060f69caab,30
https://app.ontum.co/content/f0fd0ca4ff,29
https://app.ontum.co/content/2aa7d79939,12
https://app.ontum.co/content/c8a8b3140b,31
https://app.ontum.co/content/bdcb66e0f7,34
https://app.ontum.co/content/bfb5e8786a,19
https://app.ontum.co/content/bfb5e8786a,25
https://app.ontum.co/content/bfb5e8786a,30
https://app.ontum.co/content/bfb5e8786a,35
https://app.ontum.co/content/4632b9167f,31
https://app.ontum.co/content/5061fd07c1,7
https://app.ontum.co/content/66dbc4b119,34
https://app.ontum.co/content/be26e76c64,13
https://app.ontum.co/content/1f30dd210b,12
https://app.ontum.co/content/1f30dd210b,18
https://app.ontum.co/content/dfea01bbd3,24
https://app.ontum.co/content/b1e406e7fe,6
https://app.ontum.co/content/53fd5b40d4,28
https://app.ontum.co/content/53fd5b40d4,35
https://app.ontum.co/content/f9d2c706cb,28
https://app.ontum.co/content/f9d2c706cb,35
https://app.ontum.co/content/a7a82fcaa6,12
https://app.ontum.co/content/a7a82fcaa6,18
https://app.ontum.co/content/cef9bcca0d,13
https://app.ontum.co/content/e5832ea190,24
https://app.ontum.co/content/e3a01915bd,6
https://app.ontum.co/content/c384e96874,10
https://app.ontum.co/content/6455e3a779,8
https://app.ontum.co/content/3da3af6e5b,18
https://app.ontum.co/content/610f09b688,18
https://app.ontum.co/content/6caca9094f,18
https://app.ontum.co/content/4d4f63cbc8,10
https://app.ontum.co/content/633acc100d,8
https://app.ontum.co/content/777d28ecda,6
https://app.ontum.co/content/8b745f9516,5
https://app.ontum.co/content/0b1823b502,43
https://app.ontum.co/content/ff3bb5fade,6
https://app.ontum.co/content/142dcf7d5e,16
https://app.ontum.co/content/1465f3508e,15
https://app.ontum.co/content/b5e5b5b5d2,14
https://app.ontum.co/content/fcac0f3bd5,19
https://app.ontum.co/content/6a75359c71,27
https://app.ontum.co/content/a792045091,26
https://app.ontum.co/content/20fdc843d8,11
https://app.ontum.co/content/20fdc843d8,14
https://app.ontum.co/content/20fdc843d8,17
https://app.ontum.co/content/9e9bc2d8ff,34
https://app.ontum.co/content/9e9bc2d8ff,53
https://app.ontum.co/content/9e9bc2d8ff,86
https://app.ontum.co/content/f0fc34d113,34
https://app.ontum.co/content/f0fc34d113,53
https://app.ontum.co/content/f0fc34d113,86
https://app.ontum.co/content/fff460bd11,34
https://app.ontum.co/content/4c14de116f,34
https://app.ontum.co/content/7fc465b1a7,8
https://app.ontum.co/content/7fc465b1a7,34
https://app.ontum.co/content/94cf070c6a,8
https://app.ontum.co/content/94cf070c6a,34
https://app.ontum.co/content/28a9d783f6,6
https://app.ontum.co/content/bf1e81d754,34
https://app.ontum.co/content/bf1e81d754,53
https://app.ontum.co/content/bf1e81d754,86
https://app.ontum.co/content/95ceb07728,11
https://app.ontum.co/content/95ceb07728,14
https://app.ontum.co/content/95ceb07728,17
https://app.ontum.co/content/f55b016c06,6
https://app.ontum.co/content/7bc3345689,8
https://app.ontum.co/content/7bc3345689,34
https://app.ontum.co/content/f293b44a70,34
https://app.ontum.co/content/ee04eb1f08,34
https://app.ontum.co/content/ee04eb1f08,53
https://app.ontum.co/content/ee04eb1f08,86
https://app.ontum.co/content/2c69239d9e,11
https://app.ontum.co/content/2c69239d9e,14
https://app.ontum.co/content/2c69239d9e,17
https://app.ontum.co/content/b8b25e5cf5,6
https://app.ontum.co/content/10958938e8,34
https://app.ontum.co/content/a427f0dd55,8
https://app.ontum.co/content/a427f0dd55,34
https://app.ontum.co/content/399a1048dd,9
https://app.ontum.co/content/55a700ce7b,12
https://app.ontum.co/content/212ed28d4e,12
https://app.ontum.co/content/3b7bda3bc8,16
https://app.ontum.co/content/97759aa698,9
https://app.ontum.co/content/e73416449d,16
https://app.ontum.co/content/f9adad926b,12
https://app.ontum.co/content/a1d289120d,16
https://app.ontum.co/content/ce784ef882,9
https://app.ontum.co/content/313c2337c3,12
https://app.ontum.co/content/a37d8c12db,13
https://app.ontum.co/content/8fae7acdaf,19
https://app.ontum.co/content/8fae7acdaf,48
https://app.ontum.co/content/8fae7acdaf,80
https://app.ontum.co/content/3dede79305,19
https://app.ontum.co/content/3dede79305,48
https://app.ontum.co/content/3dede79305,81
https://app.ontum.co/content/0b21b10703,19
https://app.ontum.co/content/a603e9a40c,19
https://app.ontum.co/content/627ac018ae,20
https://app.ontum.co/content/c686d0966e,19
https://app.ontum.co/content/c686d0966e,48
https://app.ontum.co/content/af6462eac6,20
https://app.ontum.co/content/abd5c802e1,19
https://app.ontum.co/content/a28e4bc6fc,19
https://app.ontum.co/content/a28e4bc6fc,48
https://app.ontum.co/content/a28e4bc6fc,81
https://app.ontum.co/content/a2f55d9ab8,20
https://app.ontum.co/content/2aa1c0d6ec,19
https://app.ontum.co/content/9a3510b78a,54
https://app.ontum.co/content/93e93bce2d,12
https://app.ontum.co/content/6dd2165bd7,12
https://app.ontum.co/content/bee6adccfe,18
https://app.ontum.co/content/dcd9110d75,18
https://app.ontum.co/content/d6163fd060,12
https://app.ontum.co/content/2d6ff6c797,54
https://app.ontum.co/content/d99e917be0,18
https://app.ontum.co/content/66cdf9e87c,12
https://app.ontum.co/content/df3e53a1be,54
https://app.ontum.co/content/7c5582f1dd,27
https://app.ontum.co/content/7c5582f1dd,46
https://app.ontum.co/content/705c00b3cc,27
https://app.ontum.co/content/705c00b3cc,46
https://app.ontum.co/content/572a5e8a46,27
https://app.ontum.co/content/572a5e8a46,46
https://app.ontum.co/content/d951686f56,17
https://app.ontum.co/content/d5752f7c8a,17
https://app.ontum.co/content/b3336e81a5,17
https://app.ontum.co/content/f1e44d420a,30
https://app.ontum.co/content/305e81cede,19
https://app.ontum.co/content/305e81cede,32
https://app.ontum.co/content/14dd40f106,19
https://app.ontum.co/content/b20b777816,8
https://app.ontum.co/content/b20b777816,19
https://app.ontum.co/content/dc1edd3ccf,11
https://app.ontum.co/content/fe2d443b09,15
https://app.ontum.co/content/fe2d443b09,23
https://app.ontum.co/content/fe2d443b09,31
https://app.ontum.co/content/9baa926f69,9
https://app.ontum.co/content/53662c5f88,32
https://app.ontum.co/content/be6185c1fd,28
https://app.ontum.co/content/5bb0e6957b,14
https://app.ontum.co/content/5bb0e6957b,23
https://app.ontum.co/content/c70b06a16b,13
https://app.ontum.co/content/c70b06a16b,20
https://app.ontum.co/content/385a4ecb3e,28
https://app.ontum.co/content/e81c83cb09,19
https://app.ontum.co/content/de16ac512d,19
https://app.ontum.co/content/5495fd26f3,30
https://app.ontum.co/content/cb31e9658e,32
https://app.ontum.co/content/2a2335daaf,12
https://app.ontum.co/content/2a2335daaf,19
https://app.ontum.co/content/2edb2041fd,8
https://app.ontum.co/content/2edb2041fd,19
https://app.ontum.co/content/284ab53eb0,9
https://app.ontum.co/content/8b5cdce7dd,14
https://app.ontum.co/content/e95c7168ce,15
https://app.ontum.co/content/e95c7168ce,23
https://app.ontum.co/content/e95c7168ce,31
https://app.ontum.co/content/fdfbed03ee,11
https://app.ontum.co/content/b2c78329af,11
https://app.ontum.co/content/89dfdf3338,19
https://app.ontum.co/content/c60afd1cd7,19
https://app.ontum.co/content/89dfdf3338,32
https://app.ontum.co/content/c60afd1cd7,32
https://app.ontum.co/content/99468be719,19
https://app.ontum.co/content/bad145ce61,28
https://app.ontum.co/content/afe297d32d,30
https://app.ontum.co/content/0d435970c1,8
https://app.ontum.co/content/d514dab50a,13
https://app.ontum.co/content/d514dab50a,22
https://app.ontum.co/content/7f8cf2dc93,32
https://app.ontum.co/content/7fa7d5e7de,11
https://app.ontum.co/content/1567196696,15
https://app.ontum.co/content/1567196696,23
https://app.ontum.co/content/1567196696,31
https://app.ontum.co/content/91fa463885,9
https://app.ontum.co/content/3342b30e59,19
https://app.ontum.co/content/3342b30e59,32
https://app.ontum.co/content/f6894e93cd,13
https://app.ontum.co/content/4b21c5be2a,23
https://app.ontum.co/content/4b21c5be2a,39
https://app.ontum.co/content/4fcc248007,12
https://app.ontum.co/content/d57aed1c30,8
https://app.ontum.co/content/d57aed1c30,26
https://app.ontum.co/content/2c83393b05,26
https://app.ontum.co/content/2c83393b05,44
https://app.ontum.co/content/62013fcf6e,26
https://app.ontum.co/content/5cd39140cf,38
https://app.ontum.co/content/c29deb1056,18
https://app.ontum.co/content/c29deb1056,30
https://app.ontum.co/content/c29deb1056,36
https://app.ontum.co/content/add2cbdb3c,23
https://app.ontum.co/content/9741d85ae2,9
https://app.ontum.co/content/9741d85ae2,20
https://app.ontum.co/content/eb158ac9c1,26
https://app.ontum.co/content/a8dafd323f,18
https://app.ontum.co/content/a8dafd323f,30
https://app.ontum.co/content/a8dafd323f,36
https://app.ontum.co/content/0646718f42,12
https://app.ontum.co/content/98fa607cdc,12
https://app.ontum.co/content/ce4c668473,13
https://app.ontum.co/content/1f59aee4e1,38
https://app.ontum.co/content/bdc6f29b47,9
https://app.ontum.co/content/bdc6f29b47,20
https://app.ontum.co/content/3c5d0ae361,8
https://app.ontum.co/content/3c5d0ae361,13
https://app.ontum.co/content/3c5d0ae361,28
https://app.ontum.co/content/d8b87ea421,23
https://app.ontum.co/content/d45cc7ff83,26
https://app.ontum.co/content/d45cc7ff83,44
https://app.ontum.co/content/a787c2941b,23
https://app.ontum.co/content/23c9a3d5a6,23
https://app.ontum.co/content/a787c2941b,39
https://app.ontum.co/content/23c9a3d5a6,39
https://app.ontum.co/content/f3def93429,12
https://app.ontum.co/content/522693f105,18
https://app.ontum.co/content/522693f105,30
https://app.ontum.co/content/522693f105,36
https://app.ontum.co/content/99330c28af,13
https://app.ontum.co/content/e175cf4f55,8
https://app.ontum.co/content/e175cf4f55,9
https://app.ontum.co/content/e175cf4f55,27
https://app.ontum.co/content/b9d40e8f07,9
https://app.ontum.co/content/b9d40e8f07,20
https://app.ontum.co/content/c8f7b97ad1,38
https://app.ontum.co/content/fc5984d256,26
https://app.ontum.co/content/fc5984d256,44
https://app.ontum.co/content/fd2186e82c,23
https://app.ontum.co/content/fd2186e82c,39
https://app.ontum.co/content/bd7748c2fd,23
https://app.ontum.co/content/38d4040c7a,13
https://app.ontum.co/content/a892efc109,17
https://app.ontum.co/content/a892efc109,27
https://app.ontum.co/content/4916bc6de5,7
https://app.ontum.co/content/4916bc6de5,32
https://app.ontum.co/content/60ac2fe5c0,6
https://app.ontum.co/content/716e8a4e4f,26
https://app.ontum.co/content/e93b2b7acc,6
https://app.ontum.co/content/0c854e0961,28
https://app.ontum.co/content/0c854e0961,37
https://app.ontum.co/content/fe30ec1f40,9
https://app.ontum.co/content/fe30ec1f40,32
https://app.ontum.co/content/d4526b168e,8
https://app.ontum.co/content/d4526b168e,22
https://app.ontum.co/content/d4526b168e,36
https://app.ontum.co/content/d4526b168e,42
https://app.ontum.co/content/1e63c2cdd5,27
https://app.ontum.co/content/1e63c2cdd5,41
https://app.ontum.co/content/1e63c2cdd5,46
https://app.ontum.co/content/1e63c2cdd5,51
https://app.ontum.co/content/a0672336fc,6
https://app.ontum.co/content/21ca531560,9
https://app.ontum.co/content/21ca531560,32
https://app.ontum.co/content/37788dfa0e,13
https://app.ontum.co/content/6d80285f4c,13
https://app.ontum.co/content/b83b1ec219,23
https://app.ontum.co/content/1cffc89535,7
https://app.ontum.co/content/3258d2f838,7
https://app.ontum.co/content/1cffc89535,32
https://app.ontum.co/content/3258d2f838,32
https://app.ontum.co/content/7711860f98,28
https://app.ontum.co/content/7711860f98,37
https://app.ontum.co/content/65776ad89b,27
https://app.ontum.co/content/65776ad89b,41
https://app.ontum.co/content/65776ad89b,46
https://app.ontum.co/content/b3f0ff97f3,26
https://app.ontum.co/content/14783ec674,8
https://app.ontum.co/content/14783ec674,22
https://app.ontum.co/content/14783ec674,36
https://app.ontum.co/content/14783ec674,42
https://app.ontum.co/content/d89535bb79,6
https://app.ontum.co/content/4485a77541,17
https://app.ontum.co/content/740baf3505,17
https://app.ontum.co/content/4485a77541,27
https://app.ontum.co/content/740baf3505,27
https://app.ontum.co/content/a306841776,15
https://app.ontum.co/content/549058a742,13
https://app.ontum.co/content/9872838ac2,9
https://app.ontum.co/content/9872838ac2,32
https://app.ontum.co/content/09c5879fcd,7
https://app.ontum.co/content/09c5879fcd,32
https://app.ontum.co/content/a86e4a7813,23
https://app.ontum.co/content/20703c6869,28
https://app.ontum.co/content/20703c6869,37
https://app.ontum.co/content/de6369ab86,17
https://app.ontum.co/content/de6369ab86,27
https://app.ontum.co/content/6d3463d76f,6
https://app.ontum.co/content/53420fbcc7,26
https://app.ontum.co/content/4ac2253b86,15
https://app.ontum.co/content/4b75e30e2b,6
https://app.ontum.co/content/7c66f83690,7
https://app.ontum.co/content/7c66f83690,31
https://app.ontum.co/content/5ae11223bd,7
https://app.ontum.co/content/7327ce3a86,7
https://app.ontum.co/content/7327ce3a86,13
https://app.ontum.co/content/7327ce3a86,16
https://app.ontum.co/content/fc84964d5a,31
https://app.ontum.co/content/fc84964d5a,39
https://app.ontum.co/content/8268c59f3c,7
https://app.ontum.co/content/8268c59f3c,20
https://app.ontum.co/content/8268c59f3c,38
https://app.ontum.co/content/59d8d1e6e6,29
https://app.ontum.co/content/e280752d39,31
https://app.ontum.co/content/e280752d39,34
https://app.ontum.co/content/15a84b737d,8
https://app.ontum.co/content/01acd27cb2,23
https://app.ontum.co/content/01acd27cb2,26
https://app.ontum.co/content/47849f64af,29
https://app.ontum.co/content/2efc8a3a65,6
https://app.ontum.co/content/052768b9fa,31
https://app.ontum.co/content/052768b9fa,34
https://app.ontum.co/content/734ff00d02,23
https://app.ontum.co/content/734ff00d02,26
https://app.ontum.co/content/74d1cfbc99,7
https://app.ontum.co/content/74d1cfbc99,31
https://app.ontum.co/content/c8455769f5,31
https://app.ontum.co/content/c8455769f5,39
https://app.ontum.co/content/acee291450,8
https://app.ontum.co/content/71bf7deb39,7
https://app.ontum.co/content/71bf7deb39,13
https://app.ontum.co/content/71bf7deb39,16
https://app.ontum.co/content/3206d3e93b,7
https://app.ontum.co/content/049a1a3b59,7
https://app.ontum.co/content/d6bf69aa7a,7
https://app.ontum.co/content/d6bf69aa7a,20
https://app.ontum.co/content/d6bf69aa7a,38
https://app.ontum.co/content/68f850cc17,6
https://app.ontum.co/content/792b2a40b6,31
https://app.ontum.co/content/234a7294d2,23
https://app.ontum.co/content/234a7294d2,26
https://app.ontum.co/content/34377c5bc7,31
https://app.ontum.co/content/34377c5bc7,34
https://app.ontum.co/content/f427cedc3a,7
https://app.ontum.co/content/2b601df12a,7
https://app.ontum.co/content/2b601df12a,13
https://app.ontum.co/content/2b601df12a,16
https://app.ontum.co/content/121f5722d5,32
https://app.ontum.co/content/121f5722d5,40
https://app.ontum.co/content/8b47e9a226,7
https://app.ontum.co/content/8b47e9a226,20
https://app.ontum.co/content/8b47e9a226,38
https://app.ontum.co/content/874f4ed2df,29
https://app.ontum.co/content/566ce5e5d0,8
https://app.ontum.co/content/7dbad4eea4,11
https://app.ontum.co/content/7dbad4eea4,28
https://app.ontum.co/content/7dbad4eea4,46
https://app.ontum.co/content/81661e73d7,7
https://app.ontum.co/content/dff5d76771,10
https://app.ontum.co/content/dff5d76771,19
https://app.ontum.co/content/dff5d76771,29
https://app.ontum.co/content/a885971411,6
https://app.ontum.co/content/c2a292b798,13
https://app.ontum.co/content/c2a292b798,20
https://app.ontum.co/content/e2aae4d3d6,13
https://app.ontum.co/content/e2aae4d3d6,20
https://app.ontum.co/content/316d12fd51,8
https://app.ontum.co/content/0f42d49e44,10
https://app.ontum.co/content/0f42d49e44,19
https://app.ontum.co/content/0f42d49e44,29
https://app.ontum.co/content/6a3170024b,7
https://app.ontum.co/content/d461d91793,11
https://app.ontum.co/content/dd52edb4c6,11
https://app.ontum.co/content/d461d91793,28
https://app.ontum.co/content/dd52edb4c6,28
https://app.ontum.co/content/d461d91793,46
https://app.ontum.co/content/44dd051ff9,6
https://app.ontum.co/content/8a5fe95235,8
https://app.ontum.co/content/68e9bee880,13
https://app.ontum.co/content/68e9bee880,20
https://app.ontum.co/content/4127370242,7
https://app.ontum.co/content/6cc9c0ab93,10
https://app.ontum.co/content/6cc9c0ab93,20
https://app.ontum.co/content/6cc9c0ab93,29
https://app.ontum.co/content/d9c786da05,6
https://app.ontum.co/content/0aa66a7caf,7
https://app.ontum.co/content/0aa66a7caf,15
https://app.ontum.co/content/0aa66a7caf,24
https://app.ontum.co/content/568b6468e2,6
https://app.ontum.co/content/568b6468e2,29
https://app.ontum.co/content/2907fd7bb7,7
https://app.ontum.co/content/2907fd7bb7,15
https://app.ontum.co/content/2907fd7bb7,24
https://app.ontum.co/content/8153bd9528,6
https://app.ontum.co/content/8153bd9528,29
https://app.ontum.co/content/b1499cba61,7
https://app.ontum.co/content/b1499cba61,15
https://app.ontum.co/content/b1499cba61,24
https://app.ontum.co/content/7aa2300473,6
https://app.ontum.co/content/7aa2300473,29
https://app.ontum.co/content/3daac6844e,15
https://app.ontum.co/content/aff4056eb2,6
https://app.ontum.co/content/fc81ad6363,34
https://app.ontum.co/content/fc81ad6363,36
https://app.ontum.co/content/d436bad366,28
https://app.ontum.co/content/e2bff85eff,6
https://app.ontum.co/content/57b3f3f88b,34
https://app.ontum.co/content/57b3f3f88b,37
https://app.ontum.co/content/ec4796f1dd,28
https://app.ontum.co/content/e14a644fc2,15
https://app.ontum.co/content/06c7d69919,57
https://app.ontum.co/content/f8985b58ba,41
https://app.ontum.co/content/a9e15e4e1c,18
https://app.ontum.co/content/0bf262cb72,6
https://app.ontum.co/content/782bf4c59c,58
https://app.ontum.co/content/d1f967a26b,6
https://app.ontum.co/content/41c66f857e,18
https://app.ontum.co/content/d801a38c80,41
https://app.ontum.co/content/e9c262065e,19
https://app.ontum.co/content/e9c262065e,25
https://app.ontum.co/content/610c92eefe,8
https://app.ontum.co/content/77015985bd,14
https://app.ontum.co/content/aa90dd9d78,25
https://app.ontum.co/content/88071053f7,25
https://app.ontum.co/content/98fe8b79a8,14
https://app.ontum.co/content/1aac9516b2,8
https://app.ontum.co/content/6cc4c1b9df,19
https://app.ontum.co/content/6cc4c1b9df,25
https://app.ontum.co/content/149f191cb7,34
https://app.ontum.co/content/f4d6e738af,19
https://app.ontum.co/content/19f3af66a5,43
https://app.ontum.co/content/b32a8112e4,19
https://app.ontum.co/content/b8155365d7,34
https://app.ontum.co/content/628c0bc17f,43
https://app.ontum.co/content/d9ba61e024,17
https://app.ontum.co/content/66747c029b,17
https://app.ontum.co/content/0de62820ea,17
https://app.ontum.co/content/1e0af5a607,13
https://app.ontum.co/content/1e0af5a607,24
https://app.ontum.co/content/20aa62af20,13
https://app.ontum.co/content/20aa62af20,24
https://app.ontum.co/content/695c97b579,37
https://app.ontum.co/content/4152e3027a,30
https://app.ontum.co/content/b1bf8809f2,23
https://app.ontum.co/content/3e90640cb4,30
https://app.ontum.co/content/6d055b604b,17
https://app.ontum.co/content/afb473fd6b,42
https://app.ontum.co/content/0d6f75a93d,22
https://app.ontum.co/content/edda094c3b,12
https://app.ontum.co/content/602b64c7bd,7
https://app.ontum.co/content/af17217403,7
https://app.ontum.co/content/31e00c739d,14
https://app.ontum.co/content/c7552b690d,17
https://app.ontum.co/content/dd7cd56d8e,40
https://app.ontum.co/content/eb002f3ecb,7
https://app.ontum.co/content/eb002f3ecb,23
https://app.ontum.co/content/eb002f3ecb,27
https://app.ontum.co/content/f6b7f2bffa,6
https://app.ontum.co/content/b0d79b9551,28
https://app.ontum.co/content/762af345d3,11
https://app.ontum.co/content/762af345d3,15
https://app.ontum.co/content/afb2dfa6f3,13
https://app.ontum.co/content/afb2dfa6f3,23
https://app.ontum.co/content/de95f036c4,18
https://app.ontum.co/content/9db5f5cc91,16
https://app.ontum.co/content/9db5f5cc91,26
https://app.ontum.co/content/8ba7e1cf53,13
https://app.ontum.co/content/8ba7e1cf53,33
https://app.ontum.co/content/d22496b345,18
https://app.ontum.co/content/1a1591fb1d,20
https://app.ontum.co/content/c0a46bfb9b,7
https://app.ontum.co/content/316223bbb4,27
https://app.ontum.co/content/be1100be8b,7
https://app.ontum.co/content/b5603ea4b6,11
https://app.ontum.co/content/cc31c41b74,7
https://app.ontum.co/content/dde1c6f1c9,31
https://app.ontum.co/content/450ed1bbd6,7
https://app.ontum.co/content/7d7e983672,36
https://app.ontum.co/content/7d7e983672,41
https://app.ontum.co/content/4d723deba6,11
https://app.ontum.co/content/dd699cb87f,10
https://app.ontum.co/content/43445dbd01,8
https://app.ontum.co/content/c6f9199306,8
https://app.ontum.co/content/a338fe17d1,6
https://app.ontum.co/content/a338fe17d1,15
https://app.ontum.co/content/6535f3c951,6
https://app.ontum.co/content/2fffcecab9,7
https://app.ontum.co/content/2fffcecab9,16
https://app.ontum.co/content/2fffcecab9,19
https://app.ontum.co/content/4d3d3fccf3,8
https://app.ontum.co/content/bab670fb1d,14
https://app.ontum.co/content/bf9d6e6599,29
https://app.ontum.co/content/f97a498171,6
https://app.ontum.co/content/96d5188b70,24
https://app.ontum.co/content/4e9fffc5ac,45
https://app.ontum.co/content/cdd8f3e389,10
https://app.ontum.co/content/cdd8f3e389,22
https://app.ontum.co/content/2284ad846d,23
https://app.ontum.co/content/250e3e51ef,16
https://app.ontum.co/content/3cdac85d05,17
https://app.ontum.co/content/0fe41e8f91,34
https://app.ontum.co/content/8f496b47ad,12
https://app.ontum.co/content/d91090c048,14
https://app.ontum.co/content/d91090c048,40
https://app.ontum.co/content/1c5478613a,8
https://app.ontum.co/content/013534debf,11
https://app.ontum.co/content/dae0b02b4d,18
https://app.ontum.co/content/8dd76e8e5c,6
https://app.ontum.co/content/473768421b,32
https://app.ontum.co/content/f612231176,15
https://app.ontum.co/content/03cf67320f,34
https://app.ontum.co/content/687a098ac1,25
https://app.ontum.co/content/ed05f5af95,18
https://app.ontum.co/content/ed05f5af95,29
https://app.ontum.co/content/8e11b0eb13,7
https://app.ontum.co/content/8e11b0eb13,19
https://app.ontum.co/content/8e11b0eb13,26
https://app.ontum.co/content/0396e4def6,15
https://app.ontum.co/content/0396e4def6,31
https://app.ontum.co/content/ecd9199856,8
https://app.ontum.co/content/ecd9199856,19
https://app.ontum.co/content/ab01c2b85e,8
https://app.ontum.co/content/ab01c2b85e,36
https://app.ontum.co/content/ffda1be9d9,26
https://app.ontum.co/content/f09b724760,15
https://app.ontum.co/content/f09b724760,28
https://app.ontum.co/content/989743407f,18
https://app.ontum.co/content/b81ffbc0e1,11
https://app.ontum.co/content/b81ffbc0e1,16
https://app.ontum.co/content/b81ffbc0e1,19
https://app.ontum.co/content/e60b65d2b3,11
https://app.ontum.co/content/e60b65d2b3,29
https://app.ontum.co/content/44da42c69b,22
https://app.ontum.co/content/44da42c69b,31
https://app.ontum.co/content/44da42c69b,43
https://app.ontum.co/content/90effc1bbe,20
https://app.ontum.co/content/9e4b103551,32
https://app.ontum.co/content/626503862c,9
https://app.ontum.co/content/11346cf0c4,8
https://app.ontum.co/content/11346cf0c4,25
https://app.ontum.co/content/1a239bc81a,12
https://app.ontum.co/content/d6d0ba2066,21
https://app.ontum.co/content/d6d0ba2066,25
https://app.ontum.co/content/d6d0ba2066,36
https://app.ontum.co/content/4ab6598ae6,6
https://app.ontum.co/content/9af858767b,23
https://app.ontum.co/content/7011b454c2,6
https://app.ontum.co/content/f105856b0c,26
https://app.ontum.co/content/97b27f7f1b,23
https://app.ontum.co/content/92d4893d7a,24
https://app.ontum.co/content/d69ec4138d,14
https://app.ontum.co/content/bef02108b9,17
https://app.ontum.co/content/6c8102dccf,12
https://app.ontum.co/content/3aca9f2009,7
https://app.ontum.co/content/3aca9f2009,31
https://app.ontum.co/content/3aca9f2009,37
https://app.ontum.co/content/0edc453547,18
https://app.ontum.co/content/289d9c4a82,7
https://app.ontum.co/content/7eebe3fd42,26
https://app.ontum.co/content/3fa2ca3f16,19
https://app.ontum.co/content/e9c3a175ff,6
https://app.ontum.co/content/87d7721606,34
https://app.ontum.co/content/d25032fd36,26
https://app.ontum.co/content/fa6424f72c,8
https://app.ontum.co/content/051d0dea94,23
https://app.ontum.co/content/065a302ca2,30
https://app.ontum.co/content/04b1c30602,23
https://app.ontum.co/content/04b1c30602,48
https://app.ontum.co/content/917ba1d04d,12
https://app.ontum.co/content/ceb2405a7f,16
https://app.ontum.co/content/95eb843a4a,11
https://app.ontum.co/content/95eb843a4a,32
https://app.ontum.co/content/41f6019e05,35
https://app.ontum.co/content/f71d68cc5d,21
https://app.ontum.co/content/2aeba444c6,12
https://app.ontum.co/content/2aeba444c6,37
https://app.ontum.co/content/90e09e66b8,35
https://app.ontum.co/content/bdfbc33dd8,12
https://app.ontum.co/content/ea9e492b7a,23
https://app.ontum.co/content/eb6bd54260,9
https://app.ontum.co/content/be83ce7eba,10
https://app.ontum.co/content/4467cab13e,24
https://app.ontum.co/content/80b96c3a93,32
https://app.ontum.co/content/80b96c3a93,35
https://app.ontum.co/content/25bd6bb824,15
https://app.ontum.co/content/9e2500d99e,26
https://app.ontum.co/content/83eaf9527c,10
https://app.ontum.co/content/3d7175dd30,7
https://app.ontum.co/content/560138b274,13
https://app.ontum.co/content/af96ec103e,8
https://app.ontum.co/content/af96ec103e,21
https://app.ontum.co/content/e4a15e73d7,13
https://app.ontum.co/content/5efb8ed277,26
https://app.ontum.co/content/f83d71b00d,12
https://app.ontum.co/content/59f530a1dc,31
https://app.ontum.co/content/59f530a1dc,47
https://app.ontum.co/content/e200e0d9c6,23
https://app.ontum.co/content/1a7925f31a,16
https://app.ontum.co/content/12d302f081,22
https://app.ontum.co/content/12d302f081,54
https://app.ontum.co/content/af3275ca71,22
https://app.ontum.co/content/af3275ca71,41
https://app.ontum.co/content/59b73d790c,11
https://app.ontum.co/content/59b73d790c,24
https://app.ontum.co/content/59b73d790c,30
https://app.ontum.co/content/59b73d790c,46
https://app.ontum.co/content/9834464d1d,6
https://app.ontum.co/content/fbd35b8efd,6
https://app.ontum.co/content/d8bbe4553c,6
https://app.ontum.co/content/8c4c6941c7,6
https://app.ontum.co/content/e48ff33bd8,8
https://app.ontum.co/content/056e3cfcd0,8
https://app.ontum.co/content/e22f231a95,16
https://app.ontum.co/content/e22f231a95,26
https://app.ontum.co/content/e22f231a95,40
https://app.ontum.co/content/528dcd0d6c,7
https://app.ontum.co/content/528dcd0d6c,26
https://app.ontum.co/content/200e220429,10
https://app.ontum.co/content/132831793b,25
https://app.ontum.co/content/bda6b03975,24
https://app.ontum.co/content/bda6b03975,32
https://app.ontum.co/content/deef408549,24
https://app.ontum.co/content/deef408549,29
https://app.ontum.co/content/deef408549,35
https://app.ontum.co/content/c695afaa50,45
https://app.ontum.co/content/16794de8f6,32
https://app.ontum.co/content/16794de8f6,44
https://app.ontum.co/content/d3ed66be2f,17
https://app.ontum.co/content/d3ed66be2f,32
https://app.ontum.co/content/355b7f7bf2,9
https://app.ontum.co/content/355b7f7bf2,50
https://app.ontum.co/content/4b95d71d6d,16
https://app.ontum.co/content/ccbcf98a2b,41
https://app.ontum.co/content/6071d3142f,14
https://app.ontum.co/content/6071d3142f,38
https://app.ontum.co/content/0d131e4c05,20
https://app.ontum.co/content/0d131e4c05,30
https://app.ontum.co/content/0e497af6ef,25
https://app.ontum.co/content/0e497af6ef,42
https://app.ontum.co/content/d7aae4e034,55
https://app.ontum.co/content/b56158c44f,23
https://app.ontum.co/content/4c64929efd,12
https://app.ontum.co/content/53954331c8,20
https://app.ontum.co/content/940abba529,7
https://app.ontum.co/content/940abba529,26
https://app.ontum.co/content/c6fea5f133,8
https://app.ontum.co/content/c22cfdbd58,31
https://app.ontum.co/content/26066709db,8
https://app.ontum.co/content/26066709db,13
https://app.ontum.co/content/26066709db,48
https://app.ontum.co/content/3769ad674f,60
https://app.ontum.co/content/ad54f1c135,15
https://app.ontum.co/content/b50781cc3d,21
https://app.ontum.co/content/b50781cc3d,38
https://app.ontum.co/content/f1a0c16a6c,15
https://app.ontum.co/content/995cd5eefc,8
https://app.ontum.co/content/6ca7d9ffe8,10
https://app.ontum.co/content/6ca7d9ffe8,28
https://app.ontum.co/content/6ca7d9ffe8,38
https://app.ontum.co/content/9c53a16b46,21
https://app.ontum.co/content/9c53a16b46,26
https://app.ontum.co/content/9d030767be,25
https://app.ontum.co/content/f2966e34ee,15
https://app.ontum.co/content/584694b07b,23
https://app.ontum.co/content/f686fa40ae,23
https://app.ontum.co/content/6ca17908cd,23
https://app.ontum.co/content/c7b03376e1,22
https://app.ontum.co/content/b1dca58b14,6
https://app.ontum.co/content/ad07e6d0db,56
https://app.ontum.co/content/c614959e49,20
https://app.ontum.co/content/610dbf74b0,14
https://app.ontum.co/content/d7519b593e,6
https://app.ontum.co/content/19e3911409,7
https://app.ontum.co/content/ace153c04d,8
https://app.ontum.co/content/f9db1b6301,16
https://app.ontum.co/content/f9db1b6301,28
https://app.ontum.co/content/e8a34defce,30
https://app.ontum.co/content/5f9ec67e11,6
https://app.ontum.co/content/5f9ec67e11,20
https://app.ontum.co/content/51f38b831f,8
https://app.ontum.co/content/5923a8154b,8
https://app.ontum.co/content/2fadc010e0,7
https://app.ontum.co/content/e6c678982c,23
https://app.ontum.co/content/a9673dccd9,36
https://app.ontum.co/content/a9673dccd9,56
https://app.ontum.co/content/ac08793434,29
https://app.ontum.co/content/16399a1320,58
https://app.ontum.co/content/47c90bdb56,20
https://app.ontum.co/content/82baedb637,32
https://app.ontum.co/content/61b49337a3,30
https://app.ontum.co/content/e1d09ad974,15
https://app.ontum.co/content/3196972c39,42
https://app.ontum.co/content/3bcead7354,14
https://app.ontum.co/content/c0538c6cb4,15
https://app.ontum.co/content/d50a2e237a,34
https://app.ontum.co/content/d50a2e237a,39
https://app.ontum.co/content/cd37dc5adf,20
https://app.ontum.co/content/cd37dc5adf,23
https://app.ontum.co/content/cd37dc5adf,37
https://app.ontum.co/content/e26d35fe60,31
https://app.ontum.co/content/b5e1507342,7
https://app.ontum.co/content/b5e1507342,33
https://app.ontum.co/content/b5e1507342,43
https://app.ontum.co/content/8336d95523,6
https://app.ontum.co/content/2b645d71ec,25
https://app.ontum.co/content/f767c9c607,8
https://app.ontum.co/content/0f4a591906,7
https://app.ontum.co/content/ccc9ef1b93,7
https://app.ontum.co/content/cee83a5fb7,7
https://app.ontum.co/content/0f4a591906,23
https://app.ontum.co/content/ccc9ef1b93,23
https://app.ontum.co/content/cee83a5fb7,23
https://app.ontum.co/content/0f4a591906,30
https://app.ontum.co/content/ccc9ef1b93,30
https://app.ontum.co/content/cee83a5fb7,30
https://app.ontum.co/content/0f4a591906,45
https://app.ontum.co/content/ccc9ef1b93,45
https://app.ontum.co/content/cee83a5fb7,45
https://app.ontum.co/content/8deabedc4f,28
https://app.ontum.co/content/8deabedc4f,30
https://app.ontum.co/content/37fbbe5e07,34
https://app.ontum.co/content/ed07b48c98,34
https://app.ontum.co/content/ed07b48c98,46
https://app.ontum.co/content/b0eb032c2b,41
https://app.ontum.co/content/76c6d3285b,36
https://app.ontum.co/content/c72cc5e742,23
https://app.ontum.co/content/c72cc5e742,27
https://app.ontum.co/content/305595b068,17
https://app.ontum.co/content/e199dc0d38,12
https://app.ontum.co/content/e199dc0d38,22
https://app.ontum.co/content/e199dc0d38,39
https://app.ontum.co/content/b0972aec7f,10
https://app.ontum.co/content/b0972aec7f,31
https://app.ontum.co/content/fbcced0391,28
https://app.ontum.co/content/fbcced0391,44
https://app.ontum.co/content/46434baa0a,16
https://app.ontum.co/content/46434baa0a,22
https://app.ontum.co/content/46434baa0a,39
https://app.ontum.co/content/c576ffeab6,15
https://app.ontum.co/content/c576ffeab6,37
https://app.ontum.co/content/c576ffeab6,44
https://app.ontum.co/content/0a1ff4ca6f,32
https://app.ontum.co/content/c97507b907,16
https://app.ontum.co/content/5e0d9c56ef,12
https://app.ontum.co/content/d6a994f9cf,12
https://app.ontum.co/content/56995ac15a,12
https://app.ontum.co/content/5e0d9c56ef,32
https://app.ontum.co/content/d6a994f9cf,32
https://app.ontum.co/content/56995ac15a,32
https://app.ontum.co/content/5315ec8a6f,15
https://app.ontum.co/content/c500df393e,6
https://app.ontum.co/content/c500df393e,35
https://app.ontum.co/content/e2fdb92cab,36
https://app.ontum.co/content/e2fdb92cab,42
https://app.ontum.co/content/f1f903fc3c,29
https://app.ontum.co/content/f1f903fc3c,38
https://app.ontum.co/content/2afb5940e7,11
https://app.ontum.co/content/cc5e1229d6,11
https://app.ontum.co/content/022081480e,11
https://app.ontum.co/content/417f20e0c1,31
https://app.ontum.co/content/417f20e0c1,37
https://app.ontum.co/content/8a412c8660,34
https://app.ontum.co/content/8a412c8660,40
https://app.ontum.co/content/79f53d9ffb,18
https://app.ontum.co/content/79f53d9ffb,25
https://app.ontum.co/content/9464b8170f,50
https://app.ontum.co/content/977563f41b,12
https://app.ontum.co/content/f72167e82c,12
https://app.ontum.co/content/189c5253f5,12
https://app.ontum.co/content/bfba9f19a1,28
https://app.ontum.co/content/50418d39e0,28
https://app.ontum.co/content/348ad6e50e,28
https://app.ontum.co/content/7305d73c23,28
https://app.ontum.co/content/6e1565e82c,8
https://app.ontum.co/content/b851281bc2,20
https://app.ontum.co/content/28bbececcb,29
https://app.ontum.co/content/c67676056a,25
https://app.ontum.co/content/c67676056a,31
https://app.ontum.co/content/fad70377ae,17
https://app.ontum.co/content/f1df467f4f,17
https://app.ontum.co/content/750495e338,17
https://app.ontum.co/content/ce36245d6c,29
https://app.ontum.co/content/e4cc9e096c,10
https://app.ontum.co/content/e4cc9e096c,18
https://app.ontum.co/content/e4cc9e096c,30
https://app.ontum.co/content/35f0ba2e7d,14
https://app.ontum.co/content/35f0ba2e7d,38
https://app.ontum.co/content/7860399602,31
https://app.ontum.co/content/73b2194286,6
https://app.ontum.co/content/6577829f22,24
https://app.ontum.co/content/5cc5f2a3c5,6
https://app.ontum.co/content/0b482c6e7d,8
https://app.ontum.co/content/42fd58a251,18
https://app.ontum.co/content/2c91e012c7,6
https://app.ontum.co/content/5f161e2c72,5
https://app.ontum.co/content/e70111d4e2,43
https://app.ontum.co/content/210bfb8e09,16
https://app.ontum.co/content/91ebf343fb,14
https://app.ontum.co/content/150e7f3734,14
https://app.ontum.co/content/06c29f4899,19
https://app.ontum.co/content/5a0bfbef62,27
https://app.ontum.co/content/95912ce4e1,27
https://app.ontum.co/content/80a0a7d085,11
https://app.ontum.co/content/80a0a7d085,14
https://app.ontum.co/content/80a0a7d085,17
https://app.ontum.co/content/652541fbeb,34
https://app.ontum.co/content/652541fbeb,53
https://app.ontum.co/content/652541fbeb,86
https://app.ontum.co/content/b3d54d9260,34
https://app.ontum.co/content/4259582f0b,8
https://app.ontum.co/content/4259582f0b,34
https://app.ontum.co/content/b808e7747f,6
https://app.ontum.co/content/10ccca9c7d,9
https://app.ontum.co/content/d215cad499,12
https://app.ontum.co/content/d325be4959,16
https://app.ontum.co/content/beec31850a,19
https://app.ontum.co/content/beec31850a,48
https://app.ontum.co/content/beec31850a,80
https://app.ontum.co/content/c38694ada7,19
https://app.ontum.co/content/5699d7c006,20
https://app.ontum.co/content/74c1c3427e,54
https://app.ontum.co/content/3a0e40749a,12
https://app.ontum.co/content/ccb69f8d69,18
https://app.ontum.co/content/5952929599,27
https://app.ontum.co/content/5952929599,46
https://app.ontum.co/content/8e45a20349,17
https://app.ontum.co/content/b09f5f56fa,30
https://app.ontum.co/content/d8c5b99b0a,19
https://app.ontum.co/content/d8c5b99b0a,32
https://app.ontum.co/content/cc6b02b777,19
https://app.ontum.co/content/4b03798798,8
https://app.ontum.co/content/4b03798798,19
https://app.ontum.co/content/424c9a859e,11
https://app.ontum.co/content/ff5e81b043,15
https://app.ontum.co/content/d4791f7123,15
https://app.ontum.co/content/3408bd8680,15
https://app.ontum.co/content/ff5e81b043,23
https://app.ontum.co/content/d4791f7123,23
https://app.ontum.co/content/3408bd8680,23
https://app.ontum.co/content/ff5e81b043,31
https://app.ontum.co/content/d4791f7123,31
https://app.ontum.co/content/3408bd8680,31
https://app.ontum.co/content/1fb0688e1d,9
https://app.ontum.co/content/0fe5c27035,32
https://app.ontum.co/content/3b2570f385,28
https://app.ontum.co/content/5a58791e0d,14
https://app.ontum.co/content/19cf8ba009,14
https://app.ontum.co/content/1f3ca21321,14
https://app.ontum.co/content/5a58791e0d,23
https://app.ontum.co/content/19cf8ba009,23
https://app.ontum.co/content/1f3ca21321,23
https://app.ontum.co/content/ffea4a19de,13
https://app.ontum.co/content/ffea4a19de,22
https://app.ontum.co/content/8a2790cddc,13
https://app.ontum.co/content/c1a7fc65a4,23
https://app.ontum.co/content/c1a7fc65a4,39
https://app.ontum.co/content/63c26ab590,12
https://app.ontum.co/content/baad35af5a,8
https://app.ontum.co/content/baad35af5a,26
https://app.ontum.co/content/b72f1fbc4c,26
https://app.ontum.co/content/b9c643acfb,26
https://app.ontum.co/content/c49da105d8,26
https://app.ontum.co/content/b72f1fbc4c,44
https://app.ontum.co/content/b9c643acfb,44
https://app.ontum.co/content/c49da105d8,44
https://app.ontum.co/content/043550eb04,38
https://app.ontum.co/content/94175b3a17,18
https://app.ontum.co/content/94175b3a17,30
https://app.ontum.co/content/94175b3a17,36
https://app.ontum.co/content/5db49bee34,23
https://app.ontum.co/content/3c74c311e9,23
https://app.ontum.co/content/6a404fb77a,13
https://app.ontum.co/content/2d8f564065,17
https://app.ontum.co/content/2d8f564065,27
https://app.ontum.co/content/8e33c0c68c,7
https://app.ontum.co/content/8e33c0c68c,32
https://app.ontum.co/content/b84b80099e,6
https://app.ontum.co/content/dd7150fe38,6
https://app.ontum.co/content/b7da72b6ba,6
https://app.ontum.co/content/03254de622,26
https://app.ontum.co/content/1e0d568088,28
https://app.ontum.co/content/7898c94f24,28
https://app.ontum.co/content/0d0acd297f,28
https://app.ontum.co/content/1e0d568088,37
https://app.ontum.co/content/7898c94f24,37
https://app.ontum.co/content/0d0acd297f,37
https://app.ontum.co/content/f1aaf3bc57,9
https://app.ontum.co/content/f1aaf3bc57,32
https://app.ontum.co/content/ae51ba4581,8
https://app.ontum.co/content/ae51ba4581,22
https://app.ontum.co/content/ae51ba4581,36
https://app.ontum.co/content/ae51ba4581,42
https://app.ontum.co/content/c49e406a0d,26
https://app.ontum.co/content/c49e406a0d,40
https://app.ontum.co/content/c49e406a0d,45
https://app.ontum.co/content/c49e406a0d,50
https://app.ontum.co/content/51cf37e8d0,6
https://app.ontum.co/content/198e1f02c9,7
https://app.ontum.co/content/198e1f02c9,31
https://app.ontum.co/content/99a0c98cfc,7
https://app.ontum.co/content/39a54d2943,7
https://app.ontum.co/content/62277e2d87,7
https://app.ontum.co/content/a12d1741a0,7
https://app.ontum.co/content/39a54d2943,13
https://app.ontum.co/content/62277e2d87,13
https://app.ontum.co/content/a12d1741a0,13
https://app.ontum.co/content/39a54d2943,16
https://app.ontum.co/content/62277e2d87,16
https://app.ontum.co/content/a12d1741a0,16
https://app.ontum.co/content/f8a0cc7698,31
https://app.ontum.co/content/f8a0cc7698,39
https://app.ontum.co/content/af17ce13dd,7
https://app.ontum.co/content/9149b629f5,7
https://app.ontum.co/content/ac7ffa5d03,7
https://app.ontum.co/content/af17ce13dd,20
https://app.ontum.co/content/9149b629f5,20
https://app.ontum.co/content/ac7ffa5d03,20
https://app.ontum.co/content/af17ce13dd,38
https://app.ontum.co/content/9149b629f5,38
https://app.ontum.co/content/ac7ffa5d03,38
https://app.ontum.co/content/540f36fa8a,31
https://app.ontum.co/content/540f36fa8a,34
https://app.ontum.co/content/878303cc63,8
https://app.ontum.co/content/5796fe3816,23
https://app.ontum.co/content/16c6e11533,23
https://app.ontum.co/content/4e1563fd58,23
https://app.ontum.co/content/5796fe3816,26
https://app.ontum.co/content/16c6e11533,26
https://app.ontum.co/content/4e1563fd58,26
https://app.ontum.co/content/16b1bfcece,8
https://app.ontum.co/content/c0cc147863,8
https://app.ontum.co/content/c9edf9b424,8
https://app.ontum.co/content/56f00e621e,8
https://app.ontum.co/content/c49614b2cd,11
https://app.ontum.co/content/c49614b2cd,28
https://app.ontum.co/content/c49614b2cd,46
https://app.ontum.co/content/f878ba43d5,7
https://app.ontum.co/content/255eff19e2,7
https://app.ontum.co/content/7be3a767e8,7
https://app.ontum.co/content/e4ba17f38d,10
https://app.ontum.co/content/e4ba17f38d,19
https://app.ontum.co/content/e4ba17f38d,29
https://app.ontum.co/content/e3285bcfdb,6
https://app.ontum.co/content/9f92b12d22,13
https://app.ontum.co/content/6f7e06f135,13
https://app.ontum.co/content/3f150ff0f8,13
https://app.ontum.co/content/9f92b12d22,20
https://app.ontum.co/content/6f7e06f135,20
https://app.ontum.co/content/3f150ff0f8,20
https://app.ontum.co/content/4715ce4797,7
https://app.ontum.co/content/4715ce4797,15
https://app.ontum.co/content/4715ce4797,24
https://app.ontum.co/content/8269ae8df1,6
https://app.ontum.co/content/8269ae8df1,29
https://app.ontum.co/content/c9addb5fd1,6
https://app.ontum.co/content/ab769ffa69,33
https://app.ontum.co/content/ab769ffa69,36
https://app.ontum.co/content/727218f0a9,28
https://app.ontum.co/content/4f99ae95d1,58
https://app.ontum.co/content/2f985bfe8d,41
https://app.ontum.co/content/1b28c255ca,18
https://app.ontum.co/content/9e866e60f6,6
https://app.ontum.co/content/7318d614fe,8
https://app.ontum.co/content/fe1fb6603e,14
https://app.ontum.co/content/b7fe42ab6c,25
https://app.ontum.co/content/de1ce7cddc,34
https://app.ontum.co/content/d6da3ef2c8,19
https://app.ontum.co/content/4927633250,43
https://app.ontum.co/content/12ea42f47a,17
https://app.ontum.co/content/7a2c964fb9,13
https://app.ontum.co/content/7a2c964fb9,24
https://app.ontum.co/content/82eccdfc7b,50
https://app.ontum.co/content/a62b1e8249,30
https://app.ontum.co/content/c8ab544676,32
https://app.ontum.co/content/bab0faf6f5,18
https://app.ontum.co/content/bab0faf6f5,23
https://app.ontum.co/content/3b65e20dfe,24
https://app.ontum.co/content/c0a152742d,37
https://app.ontum.co/content/c0a152742d,38
https://app.ontum.co/content/c0a152742d,39
https://app.ontum.co/content/c0a152742d,40
https://app.ontum.co/content/4014440e82,14
https://app.ontum.co/content/4014440e82,25
https://app.ontum.co/content/a96ee50942,43
https://app.ontum.co/content/bbb3ec4e46,43
https://app.ontum.co/content/6ea591ebff,19
https://app.ontum.co/content/af99276858,31
https://app.ontum.co/content/0f9d8fd8a3,21
https://app.ontum.co/content/93ecc0a70c,27
https://app.ontum.co/content/0cf01bb78f,20
https://app.ontum.co/content/a739bdbd7a,31
https://app.ontum.co/content/a739bdbd7a,65
https://app.ontum.co/content/d1de03fdad,30
https://app.ontum.co/content/d1de03fdad,35
https://app.ontum.co/content/d1de03fdad,41
https://app.ontum.co/content/5272a240e5,13
https://app.ontum.co/content/f0e42674d4,43
https://app.ontum.co/content/f0e42674d4,46
https://app.ontum.co/content/f0e42674d4,55
https://app.ontum.co/content/cd5ced9ee0,28
https://app.ontum.co/content/b92314afc6,32
https://app.ontum.co/content/bf35bcb0a5,21
https://app.ontum.co/content/bba44ec0da,21
https://app.ontum.co/content/bf35bcb0a5,29
https://app.ontum.co/content/bba44ec0da,29
https://app.ontum.co/content/295c7d6fe4,22
https://app.ontum.co/content/295c7d6fe4,77
https://app.ontum.co/content/e94d05d8f9,16
https://app.ontum.co/content/c5528f58ae,16
https://app.ontum.co/content/e94d05d8f9,49
https://app.ontum.co/content/c5528f58ae,49
https://app.ontum.co/content/d1aa0dee4a,13
https://app.ontum.co/content/117ed04f63,15
https://app.ontum.co/content/a2f634ae54,28
https://app.ontum.co/content/ddbbb92b7f,28
https://app.ontum.co/content/a2f634ae54,33
https://app.ontum.co/content/ddbbb92b7f,33
https://app.ontum.co/content/a2f634ae54,44
https://app.ontum.co/content/ddbbb92b7f,44
https://app.ontum.co/content/c3922b7b29,25
https://app.ontum.co/content/c3922b7b29,44
https://app.ontum.co/content/744687bc36,34
https://app.ontum.co/content/e9d23f67bd,24
https://app.ontum.co/content/169625e6ac,20
https://app.ontum.co/content/4374643741,15
https://app.ontum.co/content/2c44d0f831,15
https://app.ontum.co/content/1d3e34fc12,57
https://app.ontum.co/content/db7fb077bc,42
https://app.ontum.co/content/db7fb077bc,61
https://app.ontum.co/content/51cd36a6ee,12
https://app.ontum.co/content/51cd36a6ee,29
https://app.ontum.co/content/51cd36a6ee,36
https://app.ontum.co/content/51cd36a6ee,50
https://app.ontum.co/content/c16c462cfd,14
https://app.ontum.co/content/c16c462cfd,24
https://app.ontum.co/content/c16c462cfd,34
https://app.ontum.co/content/e117bc10aa,17
https://app.ontum.co/content/374d4e471e,55
https://app.ontum.co/content/61d90913bb,20
https://app.ontum.co/content/a68763554c,57
https://app.ontum.co/content/795ff0042f,47
https://app.ontum.co/content/795ff0042f,55
https://app.ontum.co/content/6d7f1c8bd0,27
https://app.ontum.co/content/6d7f1c8bd0,33
https://app.ontum.co/content/6d7f1c8bd0,38
https://app.ontum.co/content/6d7f1c8bd0,43
https://app.ontum.co/content/37bd1876cc,19
https://app.ontum.co/content/ae7c6c5078,33
https://app.ontum.co/content/8f6882ec5a,17
https://app.ontum.co/content/8f6882ec5a,25
https://app.ontum.co/content/ec2c687049,19
https://app.ontum.co/content/137c6e668b,49
https://app.ontum.co/content/d7687b61df,18
https://app.ontum.co/content/61975372b2,21
https://app.ontum.co/content/e5726b0cb7,44
https://app.ontum.co/content/0b3c3c2eca,45
https://app.ontum.co/content/1554984878,17
https://app.ontum.co/content/301c7df85e,17
https://app.ontum.co/content/1554984878,44
https://app.ontum.co/content/301c7df85e,44
https://app.ontum.co/content/ea3d9faecd,13
https://app.ontum.co/content/7ad032948b,23
https://app.ontum.co/content/e6e2f5f622,25
https://app.ontum.co/content/7ad032948b,57
https://app.ontum.co/content/e6e2f5f622,61
https://app.ontum.co/content/3ddff98181,21
https://app.ontum.co/content/48ba79fff6,21
https://app.ontum.co/content/6fdddaa85f,30
https://app.ontum.co/content/78a6cdce06,27
https://app.ontum.co/content/f3ba758d86,28
https://app.ontum.co/content/78a6cdce06,55
https://app.ontum.co/content/f3ba758d86,56
https://app.ontum.co/content/55736ff733,27
https://app.ontum.co/content/7d7d71c6af,33
https://app.ontum.co/content/c42bf80a97,34
https://app.ontum.co/content/0969b3f79e,2
https://app.ontum.co/content/0969b3f79e,21
https://app.ontum.co/content/0969b3f79e,30
https://app.ontum.co/content/1e77496f7d,25
https://app.ontum.co/content/c25f2aeeca,15
https://app.ontum.co/content/6a34ad50ef,17
https://app.ontum.co/content/573fb5aeed,34
https://app.ontum.co/content/173aac12e7,17
https://app.ontum.co/content/4264f0683f,40
https://app.ontum.co/content/4264f0683f,48
https://app.ontum.co/content/e794fc3c95,20
https://app.ontum.co/content/e794fc3c95,29
https://app.ontum.co/content/e794fc3c95,39
https://app.ontum.co/content/66768ae18f,14
https://app.ontum.co/content/66768ae18f,22
https://app.ontum.co/content/66768ae18f,31
https://app.ontum.co/content/46528f8e7c,42
https://app.ontum.co/content/46528f8e7c,45
https://app.ontum.co/content/2236cd6390,31
https://app.ontum.co/content/2a7cc28381,14
https://app.ontum.co/content/41276efe4c,23
https://app.ontum.co/content/567097233b,37
https://app.ontum.co/content/067e30f228,28
https://app.ontum.co/content/44dafc2f0e,26
https://app.ontum.co/content/80d8d845e9,22
https://app.ontum.co/content/80d8d845e9,33
https://app.ontum.co/content/fed46f01e3,7
https://app.ontum.co/content/fed46f01e3,19
https://app.ontum.co/content/fed46f01e3,25
https://app.ontum.co/content/24b3915c43,6
https://app.ontum.co/content/50f22ea728,8
https://app.ontum.co/content/45c66e4a40,10
https://app.ontum.co/content/45c66e4a40,13
https://app.ontum.co/content/e53efdea17,9
https://app.ontum.co/content/e53efdea17,13
https://app.ontum.co/content/ba1f2cfe78,9
https://app.ontum.co/content/903c882e33,10
https://app.ontum.co/content/e199670d4a,8
https://app.ontum.co/content/317ff02386,11
https://app.ontum.co/content/41ba57b91d,10
https://app.ontum.co/content/41ba57b91d,15
https://app.ontum.co/content/03cf5ceda9,9
https://app.ontum.co/content/af1b8bd169,9
https://app.ontum.co/content/1b2871365b,7
https://app.ontum.co/content/9e99134400,9
https://app.ontum.co/content/81f7c96538,9
https://app.ontum.co/content/f0d5b91495,7
https://app.ontum.co/content/82c393eb12,7
https://app.ontum.co/content/639c9c36e8,6
https://app.ontum.co/content/639c9c36e8,9
https://app.ontum.co/content/639c9c36e8,12
https://app.ontum.co/content/c90183fb93,8
https://app.ontum.co/content/c90183fb93,11
https://app.ontum.co/content/f5e5ec77aa,6
https://app.ontum.co/content/f766501101,11
https://app.ontum.co/content/f766501101,24
https://app.ontum.co/content/f766501101,30
https://app.ontum.co/content/f766501101,46
https://app.ontum.co/content/50997c263e,8
https://app.ontum.co/content/9c4999274f,8
https://app.ontum.co/content/bb2cee9228,7
https://app.ontum.co/content/6a5e878124,25
https://app.ontum.co/content/1f5018ca2a,24
https://app.ontum.co/content/7518cd9f57,32
https://app.ontum.co/content/d78fc56e17,45
https://app.ontum.co/content/cc50d1ea7a,44
https://app.ontum.co/content/547fd389d1,32
https://app.ontum.co/content/547fd389d1,44
https://app.ontum.co/content/ca4700cae6,17
https://app.ontum.co/content/ca4700cae6,32
https://app.ontum.co/content/f45ea416f6,16
https://app.ontum.co/content/d613838a3b,15
https://app.ontum.co/content/da833e483d,55
https://app.ontum.co/content/467a619e72,36
https://app.ontum.co/content/9e7afcf01b,35
https://app.ontum.co/content/ae3b4deb4f,20
https://app.ontum.co/content/ef02e8c28e,19
https://app.ontum.co/content/be37d199e0,8
https://app.ontum.co/content/be37d199e0,13
https://app.ontum.co/content/be37d199e0,48
https://app.ontum.co/content/860d533bd3,7
https://app.ontum.co/content/860d533bd3,12
https://app.ontum.co/content/e0e8d21fd3,60
https://app.ontum.co/content/c863111126,15
https://app.ontum.co/content/26fe066b23,8
https://app.ontum.co/content/bc5b55d148,14
https://app.ontum.co/content/bc5b55d148,20
https://app.ontum.co/content/bc5b55d148,23
https://app.ontum.co/content/abefe36923,13
https://app.ontum.co/content/abefe36923,19
https://app.ontum.co/content/44683efdf4,10
https://app.ontum.co/content/44683efdf4,28
https://app.ontum.co/content/44683efdf4,39
https://app.ontum.co/content/1720b6f16a,15
https://app.ontum.co/content/179f40a263,23
https://app.ontum.co/content/739e70453e,9
https://app.ontum.co/content/1415ee7003,7
https://app.ontum.co/content/4fa63c440f,35
https://app.ontum.co/content/4fa63c440f,50
https://app.ontum.co/content/cc0e2dc73f,7
https://app.ontum.co/content/cc0e2dc73f,47
https://app.ontum.co/content/cc0e2dc73f,55
https://app.ontum.co/content/cc0e2dc73f,65
https://app.ontum.co/content/cc0e2dc73f,67
https://app.ontum.co/content/cc0e2dc73f,69
https://app.ontum.co/content/cc0e2dc73f,71
https://app.ontum.co/content/cc0e2dc73f,73
https://app.ontum.co/content/514656e4ed,24
https://app.ontum.co/content/514656e4ed,37
https://app.ontum.co/content/514656e4ed,46
https://app.ontum.co/content/514656e4ed,57
https://app.ontum.co/content/4b2f662a85,33
https://app.ontum.co/content/4b2f662a85,42
https://app.ontum.co/content/4b2f662a85,51
https://app.ontum.co/content/60aeca89a9,7
https://app.ontum.co/content/60aeca89a9,21
https://app.ontum.co/content/60aeca89a9,37
https://app.ontum.co/content/ca883e6b47,32
https://app.ontum.co/content/1fdad646ab,7
https://app.ontum.co/content/1fdad646ab,33
https://app.ontum.co/content/4df99d8f12,33
https://app.ontum.co/content/4df99d8f12,55
https://app.ontum.co/content/8c0fc995b3,8
https://app.ontum.co/content/8c0fc995b3,47
https://app.ontum.co/content/8c0fc995b3,54
https://app.ontum.co/content/f5e4fd837a,48
https://app.ontum.co/content/e97a95261d,38
https://app.ontum.co/content/039245b78f,29
https://app.ontum.co/content/039245b78f,38
https://app.ontum.co/content/f5f717d343,51
https://app.ontum.co/content/5ee5a3c6ec,25
https://app.ontum.co/content/5ee5a3c6ec,37
https://app.ontum.co/content/227e3d7e76,10
https://app.ontum.co/content/be0a460122,35
https://app.ontum.co/content/be0a460122,55
https://app.ontum.co/content/ef783ce14a,8
https://app.ontum.co/content/ef783ce14a,23
https://app.ontum.co/content/ef783ce14a,35
https://app.ontum.co/content/cdc9f140d1,20
https://app.ontum.co/content/4b20cb4f6b,50
https://app.ontum.co/content/d01b2c988c,34
https://app.ontum.co/content/d01b2c988c,66
https://app.ontum.co/content/7cae329c9e,14
https://app.ontum.co/content/3e47eddcae,41
https://app.ontum.co/content/2f4f4ae257,8
https://app.ontum.co/content/fea3125a27,17
https://app.ontum.co/content/3d183f7b98,14
https://app.ontum.co/content/fd3f94b7fe,31
https://app.ontum.co/content/4690648309,17
https://app.ontum.co/content/4690648309,36
https://app.ontum.co/content/c84f1fe9a3,25
https://app.ontum.co/content/e1827d4b25,48
https://app.ontum.co/content/1927fd7da4,19
https://app.ontum.co/content/1927fd7da4,39
https://app.ontum.co/content/9cb883982b,25
https://app.ontum.co/content/0ba495fc7b,7
https://app.ontum.co/content/3fbf1241fc,22
https://app.ontum.co/content/91b2328127,14
https://app.ontum.co/content/f3a5a05835,43
https://app.ontum.co/content/a0cf9afa7d,32
https://app.ontum.co/content/a0cf9afa7d,42
https://app.ontum.co/content/9c4e3b41e7,40
https://app.ontum.co/content/f80f55e8cc,30
https://app.ontum.co/content/23510a0ced,19
https://app.ontum.co/content/23510a0ced,27
https://app.ontum.co/content/23510a0ced,42
https://app.ontum.co/content/b0a4422d58,6
https://app.ontum.co/content/58826dadaf,53
https://app.ontum.co/content/d867fef229,9
https://app.ontum.co/content/d867fef229,34
https://app.ontum.co/content/ed24a28481,26
https://app.ontum.co/content/ed24a28481,43
https://app.ontum.co/content/ea8e2e4110,43
https://app.ontum.co/content/85803e1c5f,13
https://app.ontum.co/content/379570895f,19
https://app.ontum.co/content/c2a8f06039,14
https://app.ontum.co/content/f663a06e77,34
https://app.ontum.co/content/71fba00c04,10
https://app.ontum.co/content/71fba00c04,25
https://app.ontum.co/content/e68ee99f3b,20
https://app.ontum.co/content/fcbcdd2034,9
https://app.ontum.co/content/c8ce93ba46,12
https://app.ontum.co/content/fd4fea0e80,9
https://app.ontum.co/content/fd4fea0e80,23
https://app.ontum.co/content/a5453b900a,57
https://app.ontum.co/content/ee1e117660,7
https://app.ontum.co/content/6cc524ad30,34
https://app.ontum.co/content/27f38256da,31
https://app.ontum.co/content/8693521c48,26
https://app.ontum.co/content/8693521c48,44
https://app.ontum.co/content/8693521c48,63
https://app.ontum.co/content/8bbdd8ae3c,9
https://app.ontum.co/content/f92a32569d,27
https://app.ontum.co/content/f92a32569d,66
https://app.ontum.co/content/106258fda1,18
https://app.ontum.co/content/3453603433,22
https://app.ontum.co/content/3453603433,25
https://app.ontum.co/content/762010062c,28
https://app.ontum.co/content/aedcd9827e,29
https://app.ontum.co/content/ae7ebb6430,7
https://app.ontum.co/content/ae7ebb6430,23
https://app.ontum.co/content/ae7ebb6430,27
https://app.ontum.co/content/e95c3b068c,14
https://app.ontum.co/content/3e58f0dc9a,17
https://app.ontum.co/content/b591d27eb5,40
https://app.ontum.co/content/3be8ae3eed,28
https://app.ontum.co/content/580b33ccb0,28
https://app.ontum.co/content/bf89b91ac6,40
https://app.ontum.co/content/56fc431182,7
https://app.ontum.co/content/3420f18dbf,13
https://app.ontum.co/content/4282158716,8
https://app.ontum.co/content/4282158716,31
https://app.ontum.co/content/a7751c011e,7
https://app.ontum.co/content/64eda8e94d,15
https://app.ontum.co/content/bfe38244b9,15
https://app.ontum.co/content/87b9f19731,8
https://app.ontum.co/content/87b9f19731,23
https://app.ontum.co/content/fa5d70da2f,12
https://app.ontum.co/content/6788e6cc48,8
https://app.ontum.co/content/6788e6cc48,38
https://app.ontum.co/content/850447bbbd,33
https://app.ontum.co/content/e16a6a334c,31
https://app.ontum.co/content/32b87ac357,7
https://app.ontum.co/content/f13177908a,7
https://app.ontum.co/content/e172fd0336,18
https://app.ontum.co/content/e172fd0336,37
https://app.ontum.co/content/a83a235276,9
https://app.ontum.co/content/634cdc6582,37
https://app.ontum.co/content/dd2fcec92e,8
https://app.ontum.co/content/07cade6f01,24
https://app.ontum.co/content/d7b1af8706,45
https://app.ontum.co/content/dd80214214,10
https://app.ontum.co/content/dd80214214,22
https://app.ontum.co/content/322aea2744,23
https://app.ontum.co/content/ca3e4e1a18,87
https://app.ontum.co/content/55b14b4d5b,13
https://app.ontum.co/content/f5b17554a2,33
https://app.ontum.co/content/f5b17554a2,39
https://app.ontum.co/content/0a723f3d9d,18
https://app.ontum.co/content/ca791bc532,7
https://app.ontum.co/content/8ec09ff5bc,8
https://app.ontum.co/content/8ec09ff5bc,19
https://app.ontum.co/content/da8597dc4d,41
https://app.ontum.co/content/87b9f19731,34
https://app.ontum.co/content/f69c627e09,10
https://app.ontum.co/content/290cade262,28
https://app.ontum.co/content/290cade262,32
https://app.ontum.co/content/290cade262,43
https://app.ontum.co/content/3ea4452ad7,26
https://app.ontum.co/content/5528a0022f,25
https://app.ontum.co/content/5622f94c8f,21
https://app.ontum.co/content/5622f94c8f,32
https://app.ontum.co/content/ac173f37f8,12
https://app.ontum.co/content/ac173f37f8,24
https://app.ontum.co/content/ff8388f274,23
https://app.ontum.co/content/f64be4770e,13
https://app.ontum.co/content/90c90daf30,8
https://app.ontum.co/content/2eca041ecb,35
https://app.ontum.co/content/ac577a39b6,19
https://app.ontum.co/content/c723f7d188,17
https://app.ontum.co/content/be48955cf7,12
https://app.ontum.co/content/d2ba743dee,11
https://app.ontum.co/content/d2ba743dee,32
https://app.ontum.co/content/c24d895312,8
https://app.ontum.co/content/debb7d5a41,7
https://app.ontum.co/content/0c3a35b6a4,23
https://app.ontum.co/content/a1aaa660f3,23
https://app.ontum.co/content/5a8ee1c78e,26
https://app.ontum.co/content/46cc599b28,16
https://app.ontum.co/content/6254cb6990,14
https://app.ontum.co/content/6254cb6990,21
https://app.ontum.co/content/6254cb6990,32
https://app.ontum.co/content/6254cb6990,34
https://app.ontum.co/content/6254cb6990,36
https://app.ontum.co/content/6254cb6990,38
https://app.ontum.co/content/6254cb6990,40
https://app.ontum.co/content/be723ce761,10
